date,station_001,station_002
1981-01-01,51.524,67.358
1981-01-02,45.23,69.991
1981-01-03,54.612,63.999
1981-01-04,55.992,67.39
1981-01-05,41.964,69.514
1981-01-06,45.637,69.358
1981-01-07,53.215,66.776
1981-01-08,51.422,67.194
1981-01-09,53.346,67.234
1981-01-10,49.59,58.042
1981-01-11,58.676,69.34
1981-01-12,58.591,57.508
1981-01-13,55.454,61.381
1981-01-14,61.181,74.475
1981-01-15,58.3,72.197
1981-01-16,52.083,76.58
1981-01-17,58.638,66.523
1981-01-18,52.413,61.735
1981-01-19,62.01,67.699
1981-01-20,57.777,70.244
1981-01-21,57.508,70.593
1981-01-22,55.431,77.405
1981-01-23,65.35,68.917
1981-01-24,58.863,73.675
1981-01-25,57.889,66.105
1981-01-26,58.662,75.21
1981-01-27,63.474,72.994
1981-01-28,63.026,68.939
1981-01-29,63.645,72.483
1981-01-30,64.115,73.248
1981-01-31,73.045,73.183
1981-02-01,60.677,85.879
1981-02-02,60.516,75.102
1981-02-03,59.373,74.667
1981-02-04,66.882,63.978
1981-02-05,69.804,71.626
1981-02-06,63.942,75.835
1981-02-07,60.659,73.716
1981-02-08,61.081,86.534
1981-02-09,68.795,77.661
1981-02-10,69.593,86.783
1981-02-11,68.922,79.818
1981-02-12,63.204,80.061
1981-02-13,68.013,79.689
1981-02-14,67.75,80.623
1981-02-15,68.57,91.285
1981-02-16,72.139,67.421
1981-02-17,69.2,69.689
1981-02-18,71.77,78.792
1981-02-19,69.003,82.485
1981-02-20,70.394,86.878
1981-02-21,72.382,85.909
1981-02-22,62.212,81.092
1981-02-23,68.166,89.831
1981-02-24,67.673,90.211
1981-02-25,67.085,85.439
1981-02-26,69.152,90.409
1981-02-27,78.245,86.56
1981-02-28,66.677,81.839
1981-03-01,76.078,89.67
1981-03-02,63.046,86.416
1981-03-03,70.003,86.021
1981-03-04,72.702,95.104
1981-03-05,75.024,71.806
1981-03-06,75.847,78.243
1981-03-07,76.449,79.856
1981-03-08,70.924,85.021
1981-03-09,70.533,85.887
1981-03-10,77.306,78.576
1981-03-11,72.224,81.906
1981-03-12,66.96,82.841
1981-03-13,67.823,102.932
1981-03-14,69.036,99.17
1981-03-15,76.256,86.053
1981-03-16,74.612,86.498
1981-03-17,77.475,81.931
1981-03-18,72.001,77.516
1981-03-19,75.039,88.394
1981-03-20,77.475,83.23
1981-03-21,72.895,88.82
1981-03-22,76.812,79.833
1981-03-23,71.298,84.957
1981-03-24,72.865,90.508
1981-03-25,72.836,91.891
1981-03-26,68.823,92.268
1981-03-27,77.288,81.9
1981-03-28,72.549,95.003
1981-03-29,74.994,85.116
1981-03-30,77.363,93.748
1981-03-31,77.213,89.912
1981-04-01,78.321,81.734
1981-04-02,74.507,88.102
1981-04-03,72.882,92.19
1981-04-04,74.591,93.665
1981-04-05,66.537,89.122
1981-04-06,67.714,99.13
1981-04-07,68.305,95.948
1981-04-08,69.894,88.317
1981-04-09,76.834,94.302
1981-04-10,70.254,101.341
1981-04-11,72.831,101.429
1981-04-12,81.15,82.216
1981-04-13,72.797,83.935
1981-04-14,78.184,98.305
1981-04-15,69.739,82.939
1981-04-16,73.283,81.237
1981-04-17,69.456,86.13
1981-04-18,72.4,91.436
1981-04-19,78.179,88.158
1981-04-20,65.215,84.719
1981-04-21,75.891,84.418
1981-04-22,74.769,84.022
1981-04-23,70.463,82.843
1981-04-24,66.05,101.626
1981-04-25,73.481,89.529
1981-04-26,70.306,92.864
1981-04-27,73.943,84.401
1981-04-28,72.708,86.003
1981-04-29,80.42,82.612
1981-04-30,71.021,70.751
1981-05-01,66.9,78.152
1981-05-02,72.706,75.308
1981-05-03,72.697,72.417
1981-05-04,78.173,78.48
1981-05-05,75.326,93.331
1981-05-06,72.703,84.835
1981-05-07,77.996,92.559
1981-05-08,64.491,86.988
1981-05-09,66.986,88.916
1981-05-10,65.295,78.508
1981-05-11,67.716,86.742
1981-05-12,62.513,87.648
1981-05-13,72.298,79.487
1981-05-14,67.731,85.968
1981-05-15,61.203,85.666
1981-05-16,63.188,78.622
1981-05-17,69.537,74.827
1981-05-18,71.859,74.097
1981-05-19,77.345,81.353
1981-05-20,81.619,82.421
1981-05-21,68.804,75.324
1981-05-22,61.463,79.852
1981-05-23,55.423,82.723
1981-05-24,67.09,82.611
1981-05-25,61.351,87.81
1981-05-26,62.998,85.752
1981-05-27,61.669,71.668
1981-05-28,63.676,87.357
1981-05-29,69.356,73.645
1981-05-30,64.453,82.671
1981-05-31,62.513,76.375
1981-06-01,57.761,73.055
1981-06-02,54.196,64.238
1981-06-03,59.765,73.606
1981-06-04,61.55,64.826
1981-06-05,70.278,79.53
1981-06-06,61.706,82.366
1981-06-07,65.581,68.019
1981-06-08,57.78,74.143
1981-06-09,53.958,67.507
1981-06-10,54.661,67.613
1981-06-11,55.461,75.551
1981-06-12,69.327,70.191
1981-06-13,54.174,80.375
1981-06-14,62.066,66.555
1981-06-15,52.95,74.953
1981-06-16,61.711,69.048
1981-06-17,58.564,72.742
1981-06-18,55.44,64.785
1981-06-19,55.602,66.67
1981-06-20,52.113,65.771
1981-06-21,57.197,60.943
1981-06-22,52.269,69.425
1981-06-23,47.992,68.846
1981-06-24,47.306,67.996
1981-06-25,54.133,73.146
1981-06-26,60.738,72.108
1981-06-27,53.215,60.649
1981-06-28,51.394,64.623
1981-06-29,52.987,58.128
1981-06-30,57.659,61.494
1981-07-01,51.796,57.24
1981-07-02,48.214,70.043
1981-07-03,55.37,61.989
1981-07-04,51.553,57.982
1981-07-05,56.658,65.936
1981-07-06,49.466,45.236
1981-07-07,41.998,45.66
1981-07-08,40.851,62.005
1981-07-09,55.518,57.079
1981-07-10,55.455,57.707
1981-07-11,45.513,47.734
1981-07-12,44.07,55.043
1981-07-13,52.869,66.695
1981-07-14,39.604,59.112
1981-07-15,40.244,54.68
1981-07-16,47.515,50.524
1981-07-17,41.908,50.289
1981-07-18,43.439,39.382
1981-07-19,42.233,53.206
1981-07-20,44.326,56.239
1981-07-21,49.266,41.221
1981-07-22,42.274,46.217
1981-07-23,44.636,42.754
1981-07-24,30.762,43.424
1981-07-25,40.37,49.057
1981-07-26,36.0,35.753
1981-07-27,33.728,51.472
1981-07-28,35.04,51.84
1981-07-29,37.372,45.344
1981-07-30,43.237,31.505
1981-07-31,31.644,39.953
1981-08-01,38.051,52.875
1981-08-02,35.102,28.36
1981-08-03,35.514,42.498
1981-08-04,41.799,37.063
1981-08-05,39.113,48.534
1981-08-06,42.75,39.225
1981-08-07,34.936,45.274
1981-08-08,31.878,45.822
1981-08-09,33.892,53.031
1981-08-10,35.882,40.385
1981-08-11,35.215,43.454
1981-08-12,28.577,31.889
1981-08-13,34.123,47.548
1981-08-14,34.489,35.454
1981-08-15,45.617,36.271
1981-08-16,42.1,39.126
1981-08-17,28.142,29.512
1981-08-18,30.668,39.899
1981-08-19,24.49,43.974
1981-08-20,28.562,39.576
1981-08-21,32.806,27.941
1981-08-22,36.976,36.394
1981-08-23,27.026,41.258
1981-08-24,27.131,25.214
1981-08-25,19.401,29.716
1981-08-26,29.066,41.114
1981-08-27,24.315,37.173
1981-08-28,26.734,37.729
1981-08-29,24.756,46.126
1981-08-30,28.435,37.499
1981-08-31,19.89,38.362
1981-09-01,21.122,50.414
1981-09-02,38.889,32.608
1981-09-03,21.597,28.854
1981-09-04,22.348,35.965
1981-09-05,36.821,35.798
1981-09-06,41.973,29.777
1981-09-07,21.407,26.524
1981-09-08,25.249,46.367
1981-09-09,28.629,34.266
1981-09-10,35.403,27.717
1981-09-11,21.67,37.421
1981-09-12,25.23,31.092
1981-09-13,30.202,30.061
1981-09-14,28.355,34.791
1981-09-15,24.173,23.513
1981-09-16,25.265,33.236
1981-09-17,18.946,42.463
1981-09-18,24.524,33.655
1981-09-19,24.285,28.483
1981-09-20,26.686,27.588
1981-09-21,22.665,28.067
1981-09-22,27.722,28.914
1981-09-23,30.358,28.087
1981-09-24,26.01,35.777
1981-09-25,26.937,19.814
1981-09-26,25.396,35.328
1981-09-27,25.091,27.83
1981-09-28,21.45,32.33
1981-09-29,26.614,23.276
1981-09-30,24.527,37.988
1981-10-01,35.469,37.478
1981-10-02,32.867,35.758
1981-10-03,26.933,20.916
1981-10-04,21.2,34.994
1981-10-05,19.473,32.471
1981-10-06,31.017,20.442
1981-10-07,26.408,29.968
1981-10-08,27.537,32.35
1981-10-09,16.461,33.558
1981-10-10,29.877,31.352
1981-10-11,27.575,32.111
1981-10-12,19.821,39.29
1981-10-13,23.094,37.898
1981-10-14,26.855,13.441
1981-10-15,25.891,28.85
1981-10-16,24.267,29.886
1981-10-17,25.317,20.489
1981-10-18,24.688,31.703
1981-10-19,26.832,38.776
1981-10-20,33.555,24.917
1981-10-21,13.499,33.617
1981-10-22,25.29,26.274
1981-10-23,27.506,27.916
1981-10-24,28.259,40.999
1981-10-25,25.082,29.075
1981-10-26,18.328,35.307
1981-10-27,28.928,21.518
1981-10-28,36.108,44.139
1981-10-29,19.991,36.809
1981-10-30,32.176,32.333
1981-10-31,26.417,37.125
1981-11-01,27.963,25.464
1981-11-02,23.221,41.277
1981-11-03,27.035,32.505
1981-11-04,35.436,33.498
1981-11-05,32.084,32.055
1981-11-06,38.073,31.81
1981-11-07,35.545,39.758
1981-11-08,32.107,37.429
1981-11-09,38.89,40.115
1981-11-10,32.63,36.469
1981-11-11,34.846,39.926
1981-11-12,29.499,34.665
1981-11-13,31.597,50.895
1981-11-14,28.064,28.454
1981-11-15,36.792,45.779
1981-11-16,26.251,46.779
1981-11-17,36.358,33.823
1981-11-18,31.802,52.682
1981-11-19,38.925,45.656
1981-11-20,37.142,45.892
1981-11-21,42.815,40.622
1981-11-22,37.694,39.545
1981-11-23,26.514,39.992
1981-11-24,34.377,43.997
1981-11-25,29.194,50.472
1981-11-26,32.81,43.569
1981-11-27,43.309,37.434
1981-11-28,39.296,48.276
1981-11-29,32.973,49.288
1981-11-30,31.763,48.125
1981-12-01,37.363,49.111
1981-12-02,31.487,43.458
1981-12-03,34.589,39.96
1981-12-04,39.883,40.779
1981-12-05,44.482,36.634
1981-12-06,42.134,48.331
1981-12-07,28.023,46.874
1981-12-08,41.393,45.205
1981-12-09,40.626,30.585
1981-12-10,42.733,41.312
1981-12-11,49.144,56.001
1981-12-12,31.15,45.772
1981-12-13,38.916,52.41
1981-12-14,45.234,42.392
1981-12-15,34.782,59.86
1981-12-16,50.482,50.858
1981-12-17,45.358,53.96
1981-12-18,48.166,66.674
1981-12-19,41.496,62.32
1981-12-20,48.839,51.885
1981-12-21,50.534,50.671
1981-12-22,46.779,52.784
1981-12-23,47.211,58.306
1981-12-24,47.816,55.125
1981-12-25,42.573,53.897
1981-12-26,46.58,65.584
1981-12-27,46.983,56.609
1981-12-28,50.091,71.606
1981-12-29,53.602,58.868
1981-12-30,43.74,69.551
1981-12-31,48.837,61.499
1982-01-01,57.3,65.649
1982-01-02,46.605,56.039
1982-01-03,46.641,55.78
1982-01-04,52.194,64.177
1982-01-05,55.834,67.865
1982-01-06,52.098,62.69
1982-01-07,59.114,55.244
1982-01-08,57.18,55.314
1982-01-09,57.532,55.425
1982-01-10,56.519,53.893
1982-01-11,65.812,65.665
1982-01-12,53.571,72.266
1982-01-13,45.001,65.942
1982-01-14,63.461,52.965
1982-01-15,53.57,65.885
1982-01-16,56.815,66.554
1982-01-17,63.239,80.605
1982-01-18,49.093,59.782
1982-01-19,51.257,66.675
1982-01-20,49.918,79.745
1982-01-21,54.361,72.697
1982-01-22,60.934,73.862
1982-01-23,61.758,71.652
1982-01-24,60.917,73.423
1982-01-25,52.868,76.584
1982-01-26,48.775,67.533
1982-01-27,60.987,78.127
1982-01-28,58.744,65.085
1982-01-29,63.783,75.753
1982-01-30,65.376,75.312
1982-01-31,62.934,70.994
1982-02-01,66.417,75.003
1982-02-02,64.132,71.847
1982-02-03,66.001,69.591
1982-02-04,60.189,74.334
1982-02-05,63.172,70.26
1982-02-06,65.408,79.245
1982-02-07,68.875,70.827
1982-02-08,63.149,82.413
1982-02-09,68.064,71.461
1982-02-10,64.464,75.554
1982-02-11,65.537,75.602
1982-02-12,70.598,87.692
1982-02-13,56.807,82.108
1982-02-14,60.606,79.236
1982-02-15,59.989,83.872
1982-02-16,56.038,68.604
1982-02-17,64.616,81.35
1982-02-18,72.05,93.948
1982-02-19,67.169,83.106
1982-02-20,69.867,83.061
1982-02-21,74.603,86.277
1982-02-22,76.069,88.69
1982-02-23,69.352,71.653
1982-02-24,76.728,73.858
1982-02-25,70.677,85.521
1982-02-26,66.279,80.27
1982-02-27,67.738,92.724
1982-02-28,63.545,83.246
1982-03-01,66.739,73.808
1982-03-02,69.615,78.078
1982-03-03,75.642,69.45
1982-03-04,80.44,84.799
1982-03-05,65.132,85.321
1982-03-06,74.206,84.144
1982-03-07,67.232,93.395
1982-03-08,74.995,94.337
1982-03-09,72.146,86.339
1982-03-10,63.82,74.761
1982-03-11,77.782,91.472
1982-03-12,70.275,91.292
1982-03-13,70.783,89.999
1982-03-14,68.249,94.206
1982-03-15,70.465,81.495
1982-03-16,76.007,100.694
1982-03-17,73.046,83.034
1982-03-18,75.753,93.427
1982-03-19,76.029,78.939
1982-03-20,80.926,83.606
1982-03-21,72.705,98.4
1982-03-22,67.123,87.843
1982-03-23,79.925,94.546
1982-03-24,73.005,91.017
1982-03-25,80.302,89.045
1982-03-26,76.706,97.93
1982-03-27,74.185,88.389
1982-03-28,76.63,79.178
1982-03-29,84.678,85.088
1982-03-30,85.338,93.251
1982-03-31,75.323,92.344
1982-04-01,75.792,80.587
1982-04-02,80.38,85.653
1982-04-03,70.771,86.509
1982-04-04,76.658,87.798
1982-04-05,74.849,81.718
1982-04-06,76.526,86.177
1982-04-07,70.76,85.541
1982-04-08,66.943,94.498
1982-04-09,64.482,94.671
1982-04-10,69.209,88.88
1982-04-11,72.444,87.332
1982-04-12,73.205,90.445
1982-04-13,84.284,84.618
1982-04-14,80.048,82.54
1982-04-15,69.62,83.675
1982-04-16,76.074,85.393
1982-04-17,72.198,82.099
1982-04-18,72.702,89.921
1982-04-19,74.934,93.187
1982-04-20,76.98,79.138
1982-04-21,72.057,88.654
1982-04-22,78.935,87.019
1982-04-23,67.761,90.214
1982-04-24,73.351,87.905
1982-04-25,86.149,79.071
1982-04-26,74.111,80.02
1982-04-27,79.989,87.565
1982-04-28,73.102,93.346
1982-04-29,75.363,73.665
1982-04-30,71.983,88.794
1982-05-01,71.216,93.619
1982-05-02,67.965,85.317
1982-05-03,73.802,89.282
1982-05-04,67.175,81.5
1982-05-05,74.536,84.733
1982-05-06,76.403,75.447
1982-05-07,72.573,70.822
1982-05-08,69.066,90.253
1982-05-09,72.517,78.387
1982-05-10,68.449,81.258
1982-05-11,74.409,75.359
1982-05-12,60.307,74.897
1982-05-13,67.513,81.987
1982-05-14,58.959,78.318
1982-05-15,61.154,84.623
1982-05-16,75.159,84.722
1982-05-17,72.52,83.578
1982-05-18,64.147,82.724
1982-05-19,59.926,90.393
1982-05-20,52.305,74.148
1982-05-21,64.095,79.845
1982-05-22,78.593,86.586
1982-05-23,68.34,86.986
1982-05-24,63.037,70.472
1982-05-25,67.825,76.726
1982-05-26,57.356,86.341
1982-05-27,63.33,80.828
1982-05-28,64.965,78.533
1982-05-29,63.684,75.632
1982-05-30,67.712,74.206
1982-05-31,65.12,77.805
1982-06-01,66.373,74.124
1982-06-02,59.221,74.94
1982-06-03,66.779,75.219
1982-06-04,70.058,70.228
1982-06-05,56.683,77.033
1982-06-06,56.712,90.866
1982-06-07,67.443,62.255
1982-06-08,59.418,74.393
1982-06-09,67.001,67.417
1982-06-10,57.373,74.967
1982-06-11,66.462,71.304
1982-06-12,59.443,75.114
1982-06-13,59.673,77.111
1982-06-14,65.799,70.725
1982-06-15,55.758,75.872
1982-06-16,52.45,54.521
1982-06-17,54.5,77.634
1982-06-18,58.589,69.843
1982-06-19,48.082,73.56
1982-06-20,58.679,59.271
1982-06-21,52.378,61.101
1982-06-22,60.389,66.455
1982-06-23,42.255,64.97
1982-06-24,49.869,66.261
1982-06-25,44.944,70.559
1982-06-26,48.819,52.948
1982-06-27,53.761,68.87
1982-06-28,51.198,62.563
1982-06-29,50.398,60.776
1982-06-30,50.44,52.656
1982-07-01,51.823,63.986
1982-07-02,45.334,45.967
1982-07-03,53.48,63.826
1982-07-04,52.83,50.467
1982-07-05,51.012,59.224
1982-07-06,51.439,57.673
1982-07-07,49.71,64.89
1982-07-08,57.974,56.287
1982-07-09,46.935,52.68
1982-07-10,45.408,53.293
1982-07-11,42.749,63.458
1982-07-12,40.93,58.528
1982-07-13,39.445,52.487
1982-07-14,40.801,52.875
1982-07-15,44.47,44.385
1982-07-16,46.075,55.615
1982-07-17,44.241,42.223
1982-07-18,39.741,56.793
1982-07-19,47.655,52.556
1982-07-20,46.438,65.611
1982-07-21,41.533,44.196
1982-07-22,38.658,49.691
1982-07-23,44.259,60.61
1982-07-24,42.053,56.485
1982-07-25,33.472,44.678
1982-07-26,39.975,49.722
1982-07-27,41.23,47.916
1982-07-28,35.03,49.125
1982-07-29,40.088,42.775
1982-07-30,31.479,45.968
1982-07-31,45.052,36.457
1982-08-01,44.232,46.401
1982-08-02,36.354,47.84
1982-08-03,39.062,43.329
1982-08-04,24.827,34.562
1982-08-05,30.731,49.747
1982-08-06,34.684,45.57
1982-08-07,30.436,38.6
1982-08-08,39.017,40.85
1982-08-09,45.084,33.113
1982-08-10,28.871,35.553
1982-08-11,30.228,38.072
1982-08-12,35.259,48.269
1982-08-13,41.808,36.666
1982-08-14,27.316,43.955
1982-08-15,34.354,36.5
1982-08-16,41.901,40.841
1982-08-17,24.226,38.133
1982-08-18,25.775,43.855
1982-08-19,29.763,35.049
1982-08-20,28.985,28.47
1982-08-21,35.363,29.268
1982-08-22,32.225,34.029
1982-08-23,21.865,29.394
1982-08-24,33.046,39.024
1982-08-25,27.315,33.449
1982-08-26,36.316,50.18
1982-08-27,26.552,25.201
1982-08-28,26.259,36.552
1982-08-29,31.906,28.273
1982-08-30,32.779,31.797
1982-08-31,30.976,35.331
1982-09-01,20.084,20.263
1982-09-02,30.986,35.376
1982-09-03,22.914,45.12
1982-09-04,29.058,30.738
1982-09-05,20.566,34.78
1982-09-06,29.726,39.142
1982-09-07,23.277,31.789
1982-09-08,20.72,29.074
1982-09-09,30.532,18.701
1982-09-10,28.007,36.005
1982-09-11,23.572,31.292
1982-09-12,33.748,25.715
1982-09-13,24.146,32.379
1982-09-14,26.374,27.954
1982-09-15,27.429,28.131
1982-09-16,22.865,34.793
1982-09-17,28.204,22.988
1982-09-18,23.074,37.173
1982-09-19,23.582,22.383
1982-09-20,32.361,26.681
1982-09-21,20.259,42.092
1982-09-22,13.319,37.224
1982-09-23,33.366,30.96
1982-09-24,37.994,24.654
1982-09-25,23.165,27.053
1982-09-26,15.457,30.609
1982-09-27,23.547,30.345
1982-09-28,23.634,29.533
1982-09-29,24.088,29.86
1982-09-30,19.451,28.735
1982-10-01,27.903,21.354
1982-10-02,27.623,26.901
1982-10-03,17.53,35.491
1982-10-04,28.508,21.805
1982-10-05,35.293,28.898
1982-10-06,25.914,25.146
1982-10-07,23.399,30.771
1982-10-08,24.415,27.818
1982-10-09,28.248,39.07
1982-10-10,16.572,33.31
1982-10-11,26.109,22.473
1982-10-12,23.403,34.454
1982-10-13,34.67,25.87
1982-10-14,24.644,27.155
1982-10-15,33.944,32.609
1982-10-16,20.184,27.892
1982-10-17,28.744,36.326
1982-10-18,27.516,26.456
1982-10-19,21.693,27.532
1982-10-20,27.051,27.459
1982-10-21,32.36,28.163
1982-10-22,24.819,38.321
1982-10-23,18.125,35.675
1982-10-24,26.652,42.347
1982-10-25,22.388,45.886
1982-10-26,25.357,26.298
1982-10-27,26.835,33.114
1982-10-28,18.896,25.852
1982-10-29,19.534,28.469
1982-10-30,30.218,29.588
1982-10-31,25.395,27.267
1982-11-01,15.393,27.548
1982-11-02,32.355,33.251
1982-11-03,30.013,27.081
1982-11-04,25.309,39.706
1982-11-05,22.527,29.427
1982-11-06,33.53,52.078
1982-11-07,31.343,32.807
1982-11-08,41.761,36.249
1982-11-09,32.206,28.354
1982-11-10,32.307,46.679
1982-11-11,29.803,43.482
1982-11-12,34.996,38.876
1982-11-13,34.318,29.351
1982-11-14,37.738,39.039
1982-11-15,29.164,31.396
1982-11-16,29.891,47.255
1982-11-17,29.974,43.699
1982-11-18,36.631,39.786
1982-11-19,40.482,24.97
1982-11-20,31.014,34.069
1982-11-21,31.506,44.483
1982-11-22,35.528,48.027
1982-11-23,33.061,47.803
1982-11-24,39.387,32.0
1982-11-25,23.709,43.771
1982-11-26,31.181,48.47
1982-11-27,31.752,32.847
1982-11-28,24.417,43.175
1982-11-29,31.559,45.296
1982-11-30,32.164,42.283
1982-12-01,36.101,33.415
1982-12-02,43.042,43.018
1982-12-03,36.625,43.457
1982-12-04,33.074,44.986
1982-12-05,38.325,42.951
1982-12-06,44.24,44.135
1982-12-07,34.502,47.02
1982-12-08,35.22,50.382
1982-12-09,42.959,46.373
1982-12-10,39.456,46.218
1982-12-11,44.2,49.71
1982-12-12,41.297,38.113
1982-12-13,45.279,52.986
1982-12-14,37.002,50.61
1982-12-15,42.527,51.343
1982-12-16,41.945,57.363
1982-12-17,37.333,40.378
1982-12-18,36.011,40.751
1982-12-19,47.675,54.738
1982-12-20,42.911,53.556
1982-12-21,39.975,55.125
1982-12-22,45.028,51.838
1982-12-23,51.573,59.105
1982-12-24,34.954,61.225
1982-12-25,39.3,59.044
1982-12-26,42.596,55.088
1982-12-27,54.944,44.52
1982-12-28,49.48,62.295
1982-12-29,52.332,65.525
1982-12-30,43.224,62.578
1982-12-31,43.757,53.948
1983-01-01,52.024,63.785
1983-01-02,50.506,65.421
1983-01-03,53.389,70.127
1983-01-04,50.136,56.033
1983-01-05,52.895,60.446
1983-01-06,52.724,66.804
1983-01-07,56.251,63.179
1983-01-08,56.825,56.644
1983-01-09,45.117,66.348
1983-01-10,42.406,67.843
1983-01-11,59.076,65.409
1983-01-12,60.43,66.707
1983-01-13,49.81,64.344
1983-01-14,46.035,75.271
1983-01-15,56.249,61.5
1983-01-16,60.826,63.882
1983-01-17,65.575,67.971
1983-01-18,59.583,73.675
1983-01-19,55.554,59.911
1983-01-20,53.357,61.525
1983-01-21,58.287,57.649
1983-01-22,57.138,70.558
1983-01-23,53.962,64.134
1983-01-24,69.68,69.017
1983-01-25,68.759,75.768
1983-01-26,65.908,68.424
1983-01-27,56.014,74.13
1983-01-28,65.281,71.411
1983-01-29,64.589,77.701
1983-01-30,63.984,76.977
1983-01-31,68.398,70.427
1983-02-01,65.7,74.016
1983-02-02,66.594,81.735
1983-02-03,66.445,78.272
1983-02-04,65.327,67.966
1983-02-05,55.063,80.711
1983-02-06,64.754,70.695
1983-02-07,61.905,86.098
1983-02-08,58.633,84.183
1983-02-09,73.782,80.187
1983-02-10,74.355,79.795
1983-02-11,72.838,77.996
1983-02-12,67.646,83.715
1983-02-13,73.445,77.806
1983-02-14,67.07,81.825
1983-02-15,68.337,86.019
1983-02-16,62.163,77.785
1983-02-17,69.917,77.822
1983-02-18,68.531,74.709
1983-02-19,62.008,75.838
1983-02-20,68.551,71.598
1983-02-21,68.689,87.284
1983-02-22,78.35,94.088
1983-02-23,74.103,92.11
1983-02-24,69.952,74.118
1983-02-25,71.396,88.532
1983-02-26,70.625,93.017
1983-02-27,69.635,82.039
1983-02-28,65.477,85.675
1983-03-01,70.367,73.299
1983-03-02,67.618,87.219
1983-03-03,65.318,79.502
1983-03-04,74.34,87.338
1983-03-05,73.948,77.023
1983-03-06,63.259,89.889
1983-03-07,71.774,93.012
1983-03-08,77.554,82.392
1983-03-09,78.053,80.487
1983-03-10,78.061,74.582
1983-03-11,73.294,86.121
1983-03-12,69.035,84.423
1983-03-13,67.996,78.792
1983-03-14,75.285,90.993
1983-03-15,75.599,85.743
1983-03-16,80.272,82.148
1983-03-17,79.462,85.427
1983-03-18,73.42,95.325
1983-03-19,67.972,92.649
1983-03-20,72.702,88.377
1983-03-21,75.481,92.989
1983-03-22,73.475,82.417
1983-03-23,71.679,89.677
1983-03-24,75.909,90.458
1983-03-25,72.193,86.837
1983-03-26,71.634,92.342
1983-03-27,76.386,85.112
1983-03-28,72.865,92.909
1983-03-29,76.135,93.208
1983-03-30,76.312,72.433
1983-03-31,69.274,97.107
1983-04-01,72.582,71.7
1983-04-02,82.186,86.301
1983-04-03,69.189,96.152
1983-04-04,64.412,88.09
1983-04-05,65.673,81.182
1983-04-06,75.108,83.392
1983-04-07,75.09,96.084
1983-04-08,74.312,78.352
1983-04-09,80.929,96.604
1983-04-10,61.445,89.44
1983-04-11,76.732,82.549
1983-04-12,82.496,86.127
1983-04-13,68.978,83.437
1983-04-14,72.639,94.643
1983-04-15,70.688,93.738
1983-04-16,69.888,78.916
1983-04-17,72.628,86.689
1983-04-18,81.289,83.803
1983-04-19,83.224,96.605
1983-04-20,72.236,80.598
1983-04-21,83.312,98.169
1983-04-22,73.828,88.181
1983-04-23,82.276,81.238
1983-04-24,72.891,83.966
1983-04-25,73.856,83.032
1983-04-26,74.865,79.997
1983-04-27,88.761,88.009
1983-04-28,76.946,79.86
1983-04-29,68.97,73.925
1983-04-30,77.16,84.5
1983-05-01,70.309,75.725
1983-05-02,69.466,81.784
1983-05-03,76.247,80.59
1983-05-04,71.643,80.558
1983-05-05,72.657,97.523
1983-05-06,71.105,85.581
1983-05-07,72.483,86.432
1983-05-08,72.683,74.011
1983-05-09,60.626,80.449
1983-05-10,73.39,85.36
1983-05-11,64.887,77.609
1983-05-12,62.32,88.886
1983-05-13,68.968,75.896
1983-05-14,69.403,81.061
1983-05-15,65.233,78.924
1983-05-16,72.567,83.081
1983-05-17,61.408,77.899
1983-05-18,65.785,79.758
1983-05-19,64.591,79.602
1983-05-20,66.973,76.241
1983-05-21,68.286,83.18
1983-05-22,61.532,81.317
1983-05-23,69.869,78.965
1983-05-24,66.233,76.519
1983-05-25,56.125,83.48
1983-05-26,55.453,76.88
1983-05-27,64.841,76.043
1983-05-28,63.45,78.094
1983-05-29,63.686,87.224
1983-05-30,63.707,68.575
1983-05-31,64.615,80.804
1983-06-01,67.861,64.389
1983-06-02,57.2,76.61
1983-06-03,56.524,84.311
1983-06-04,56.541,77.342
1983-06-05,63.074,74.979
1983-06-06,67.471,70.133
1983-06-07,58.704,73.219
1983-06-08,47.963,71.054
1983-06-09,51.56,67.38
1983-06-10,55.52,69.883
1983-06-11,56.498,72.335
1983-06-12,56.844,66.06
1983-06-13,58.676,65.342
1983-06-14,56.519,61.531
1983-06-15,62.916,71.547
1983-06-16,53.879,71.982
1983-06-17,52.535,69.605
1983-06-18,58.826,73.509
1983-06-19,48.337,67.745
1983-06-20,57.545,69.068
1983-06-21,55.69,68.035
1983-06-22,54.018,65.157
1983-06-23,62.274,62.014
1983-06-24,50.797,77.975
1983-06-25,63.784,61.468
1983-06-26,51.929,59.673
1983-06-27,46.244,65.759
1983-06-28,52.551,64.153
1983-06-29,46.391,53.698
1983-06-30,47.585,68.348
1983-07-01,52.899,60.531
1983-07-02,53.262,53.915
1983-07-03,46.943,67.197
1983-07-04,54.561,63.303
1983-07-05,54.981,51.445
1983-07-06,55.946,69.18
1983-07-07,50.982,61.954
1983-07-08,54.723,57.426
1983-07-09,38.074,66.515
1983-07-10,45.461,57.416
1983-07-11,42.289,55.78
1983-07-12,46.794,51.476
1983-07-13,42.916,58.419
1983-07-14,44.52,57.28
1983-07-15,54.339,54.002
1983-07-16,43.66,48.67
1983-07-17,46.158,53.687
1983-07-18,42.511,51.988
1983-07-19,43.636,43.908
1983-07-20,42.874,42.582
1983-07-21,44.675,54.311
1983-07-22,47.851,34.818
1983-07-23,49.855,51.174
1983-07-24,42.762,46.589
1983-07-25,43.761,56.825
1983-07-26,34.66,45.536
1983-07-27,39.579,51.979
1983-07-28,44.327,45.169
1983-07-29,43.566,47.766
1983-07-30,39.908,51.04
1983-07-31,42.898,43.384
1983-08-01,40.54,51.683
1983-08-02,43.712,39.29
1983-08-03,38.784,46.572
1983-08-04,35.19,49.898
1983-08-05,38.283,47.884
1983-08-06,21.589,54.989
1983-08-07,37.8,38.482
1983-08-08,17.29,34.364
1983-08-09,26.567,36.255
1983-08-10,37.099,45.77
1983-08-11,36.888,44.388
1983-08-12,28.353,41.611
1983-08-13,30.274,33.864
1983-08-14,40.361,44.812
1983-08-15,30.768,32.477
1983-08-16,44.087,46.4
1983-08-17,32.552,56.218
1983-08-18,34.296,40.906
1983-08-19,40.04,41.845
1983-08-20,32.316,35.036
1983-08-21,26.359,26.784
1983-08-22,30.538,33.688
1983-08-23,30.631,30.413
1983-08-24,23.712,27.961
1983-08-25,28.99,46.657
1983-08-26,26.297,37.646
1983-08-27,34.374,37.981
1983-08-28,29.676,33.55
1983-08-29,27.846,34.075
1983-08-30,28.492,40.615
1983-08-31,29.908,34.357
1983-09-01,31.652,37.465
1983-09-02,23.351,32.843
1983-09-03,22.93,31.712
1983-09-04,33.456,25.077
1983-09-05,25.672,21.414
1983-09-06,20.457,31.48
1983-09-07,29.575,33.166
1983-09-08,29.494,24.895
1983-09-09,19.351,32.199
1983-09-10,27.987,32.53
1983-09-11,30.359,19.081
1983-09-12,28.401,26.344
1983-09-13,29.544,34.105
1983-09-14,19.226,33.819
1983-09-15,27.772,24.418
1983-09-16,24.48,32.142
1983-09-17,23.462,37.186
1983-09-18,30.12,35.583
1983-09-19,33.061,30.226
1983-09-20,34.542,27.876
1983-09-21,32.056,26.803
1983-09-22,24.853,33.289
1983-09-23,27.092,31.565
1983-09-24,29.097,34.092
1983-09-25,25.81,31.036
1983-09-26,25.807,35.096
1983-09-27,29.228,30.699
1983-09-28,24.776,34.795
1983-09-29,21.397,35.277
1983-09-30,22.95,25.199
1983-10-01,28.177,19.16
1983-10-02,25.016,39.262
1983-10-03,26.702,31.541
1983-10-04,28.359,19.724
1983-10-05,23.15,25.746
1983-10-06,28.828,34.688
1983-10-07,26.971,28.414
1983-10-08,18.94,27.065
1983-10-09,32.371,38.596
1983-10-10,22.708,23.97
1983-10-11,16.995,25.536
1983-10-12,20.112,31.673
1983-10-13,20.306,32.837
1983-10-14,25.754,33.57
1983-10-15,24.212,36.165
1983-10-16,23.993,32.004
1983-10-17,28.879,33.873
1983-10-18,27.59,29.513
1983-10-19,27.588,31.586
1983-10-20,28.181,32.004
1983-10-21,29.344,32.807
1983-10-22,15.863,36.318
1983-10-23,24.726,35.188
1983-10-24,15.799,32.306
1983-10-25,27.04,27.377
1983-10-26,27.003,32.837
1983-10-27,32.426,32.47
1983-10-28,33.317,34.013
1983-10-29,28.579,46.317
1983-10-30,25.256,30.167
1983-10-31,30.383,36.083
1983-11-01,25.524,40.207
1983-11-02,28.369,34.64
1983-11-03,33.526,48.341
1983-11-04,26.032,32.317
1983-11-05,33.081,36.807
1983-11-06,32.677,30.355
1983-11-07,24.76,33.332
1983-11-08,34.654,37.234
1983-11-09,33.533,41.126
1983-11-10,30.812,38.277
1983-11-11,26.758,44.238
1983-11-12,26.547,36.442
1983-11-13,28.434,35.354
1983-11-14,34.12,53.912
1983-11-15,26.919,40.402
1983-11-16,34.18,34.075
1983-11-17,26.085,34.587
1983-11-18,31.58,33.464
1983-11-19,33.46,45.113
1983-11-20,45.453,37.687
1983-11-21,26.663,41.023
1983-11-22,41.236,40.27
1983-11-23,34.956,45.437
1983-11-24,36.598,36.37
1983-11-25,35.474,35.406
1983-11-26,37.451,43.618
1983-11-27,34.808,46.297
1983-11-28,43.2,45.111
1983-11-29,34.005,38.688
1983-11-30,42.31,48.044
1983-12-01,33.793,39.954
1983-12-02,37.083,41.731
1983-12-03,32.397,39.645
1983-12-04,40.409,53.567
1983-12-05,45.74,50.017
1983-12-06,38.511,50.307
1983-12-07,38.3,54.625
1983-12-08,34.102,64.486
1983-12-09,38.921,37.826
1983-12-10,32.5,44.126
1983-12-11,36.299,45.338
1983-12-12,42.398,44.413
1983-12-13,48.264,43.537
1983-12-14,56.122,48.693
1983-12-15,39.552,43.682
1983-12-16,50.072,53.485
1983-12-17,44.528,52.281
1983-12-18,42.968,55.356
1983-12-19,46.305,56.016
1983-12-20,44.87,57.091
1983-12-21,45.533,51.737
1983-12-22,43.361,67.211
1983-12-23,38.836,56.398
1983-12-24,38.533,44.326
1983-12-25,49.943,49.998
1983-12-26,45.72,46.081
1983-12-27,44.551,57.141
1983-12-28,48.002,56.821
1983-12-29,52.363,55.256
1983-12-30,49.72,70.647
1983-12-31,45.967,62.391
